,precision,recall,f1-score,support
0,0.6956521739130435,0.9142857142857143,0.7901234567901234,35.0
1,0.7857142857142857,0.44,0.5641025641025641,25.0
accuracy,0.7166666666666667,0.7166666666666667,0.7166666666666667,0.7166666666666667
macro avg,0.7406832298136645,0.6771428571428572,0.6771130104463438,60.0
weighted avg,0.7331780538302277,0.7166666666666667,0.6959480848369737,60.0
