,count,mean,std,min,25%,50%,75%,max
age,299.0,60.83389297658862,11.89480907404447,40.0,51.0,60.0,70.0,95.0
creatinine_phosphokinase,299.0,581.8394648829432,970.2878807124362,23.0,116.5,250.0,582.0,7861.0
ejection_fraction,299.0,38.08361204013378,11.834840741039171,14.0,30.0,38.0,45.0,80.0
platelets,299.0,263358.02926421404,97804.2368685983,25100.0,212500.0,262000.0,303500.0,850000.0
serum_creatinine,299.0,1.3938795986622072,1.0345100640898541,0.5,0.9,1.1,1.4,9.4
serum_sodium,299.0,136.62541806020067,4.412477283909235,113.0,134.0,137.0,140.0,148.0
time,299.0,130.2608695652174,77.61420795029339,4.0,73.0,115.0,203.0,285.0
