,coef,intercept,r2_score
age,0.009975892476922332,-0.28580214117333635,0.06437817357756082
creatinine_phosphokinase,3.0234434686437353e-05,0.30347864681471737,0.003934822088647372
ejection_fraction,-0.010614238825301483,0.7252987876378194,0.07214773942906205
platelets,-2.3496727911165953e-07,0.38295075368213355,0.0024146283463925
serum_creatinine,0.13303390434779394,0.1356369889129429,0.0865992828987795
serum_sodium,-0.020689273535115044,3.1477508802106513,0.038104444053897124
time,-0.0031752611117669325,0.7346825076290919,0.27769082467050676
